qid,sentid,question,sentence text,label
3224,4,What is the function of GvpA?,"Gas vesicles are intracellular, microbial flotation devices that consist of mainly one protein, GvpA.",0
2656,5,Is Enlimomab effective for stroke treatment?,"Fewer patients had symptom-free recovery on enlimomab than placebo (p = 0.004), and more died (22.2 versus 16.2%).",0
880,25,What is known about maternal smoking and brain tumor risk?,"There was no association between the risk of brain tumors in the child and parental smoking prior to pregnancy, maternal smoking or regular exposure to others' cigarette smoke during pregnancy at home or at work, or passive smoking by the child during the first year of life.",0
1580,3,Do Conserved noncoding elements act as enhancers?,"In all four cases where the zebra fish and human CNE display a similar expression pattern in zebra fish, the human CNE also displays a similar expression pattern in mouse.",0
2995,29,What is the mechanism of action of Pitolisant?,MATERIALS AND TREATMENTS: Behavioral effects of pitolisant and the structural different H(3) receptor inverse agonists ciproxifan and ST-889 were tested in zymosan-induced inflammation and the spared nerve injury model for neuropathic pain.,0
2205,15,Does the Abelson-related gene (ARG) gene encode for a serine kinase?,"The ARG gene encodes for a nonreceptor tyrosine kinase characterized by high homology with c-Abl in the TK, SH2, and SH3 domains.",1
3241,0,Can Enlimomab improve stroke outcomes?,Treatment with a murine anti-ICAM-1 antibody (enlimomab) has been investigated in patients with acute ischemic stroke in the Enlimomab Acute Stroke Trial (EAST).,1
2526,7,"Which disease can be diagnosed with the ""probe to bone"" test?",Inter-observer reproducibility of diagnosis of diabetic foot osteomyelitis based on a combination of probe-to-bone test and simple radiography.,1
3399,2,Does CXorf21 escape X chromosome inactivation?," For this, we selected five SNPs (rs1801274 in FCGR2A and rs2286672 in PLD2, rs887369 in CXorf21, rs9782955 in LYST, and rs3794060 in NADSYN1)",1
3305,11,Which clotting factor is in the Andexxa?,"Intravenous andexanet alfa [coagulation factor Xa (recombinant), inactivated-zhzo; Andexxa __sup__ ® __end_sup__ ] is a first-in-class recombinant modified factor Xa protein that has been developed by Portola Pharmaceuticals as a universal antidote to reverse anticoagulant effects of direct or indirect factor Xa inhibitors.",0
2756,0,Which member of the human mycobiota is associated to atherosclerosis?,"Interestingly, the relative abundance of Mucor racemosus was negatively associated both with FRS and cIMT.",1
1408,9,Could Catecholaminergic Polymorphic Ventricular Tachycardia (CPVT) cause sudden cardiac death?,"Although rare, CPVT is suspected to cause a substantial part of sudden cardiac deaths in young individuals.",0
1547,5,Which are the APOBEC3 protein family members able to inhibit Vif-deficient HIV-1 replication?,"Furthermore, APOBEC3D, APOBEC3F, APOBEC3G, and APOBEC3H of the rhesus macaque also are packaged into and restrict Vif-deficient HIV-1 when stably expressed in T cells, and they are all neutralized by the simian immunodeficiency virus Vif protein.",1
4138,17,Is methotrexate used for the treatment of Rheumatoid Arthritis (RA)?,With,0
1880,3,Are alterations in ultraconserved elements implicated in breast cancer?,This is the first study indicating that SNPs in UCEs might be associated with cancer risk,1
3124,2,Which curated data resources for ChIP-seq data are available?,in a completely standardised format.,0
2271,2,Is davunetide being considered for the treatment of progressive supranuclear palsy?,"This review examines the disease characteristics of PSP, the rationale for treating PSP with davunetide and assesses some of the challenges of clinical trials in this patient population.",1
2562,35,Is subacute sclerosing panencephalitis caused by the Measles vaccine?,Subacute Sclerosing Panencephalitis (SSPE) is a debilitating disorder associated with the measles infection in childhood.,0
1940,0,What is the doRiNA database?,doRiNA: a database of RNA interactions in post-transcriptional regulation.,1
110,3,Is there a genetic component for happiness?,"Although twin studies estimate that genetic factors account for 35-50% of the variance in human happiness, knowledge of specific genes is limited.",1
1456,14,Which molecule is targeted by Daratumumab?,"In this study, we describe the cytotoxic mechanisms of action of daratumumab, a novel, high-affinity, therapeutic human mAb against a unique CD38 epitope.",0
1666,14,Which are the most widely reported side-effects in the treatment of Crohn's disease?,"A severe side effect is acute pancreatitis, which is specific for Crohn's disease",0
3307,25,Which drugs are included in the drug LONSURF?,TAS-102 (Lonsurf) is an oral fluoropyrimidine that is formed by the combination of 2 active drugs: trifluridine (a nucleoside analog) and tipiracil hydrochloride (a thymidine phosphorylase inhibitor).,0
3787,4,What is caused by SCUBE2 loss-of-function?,Our data demonstrate that Scube2 plays a key regulatory role in Ihh-dependent endochondral bone formation.,1
2631,3,List major risk factors for Alzheimer's disease. ,Hypertension is one of the major risk factors for central nervous system (CNS) disorders like stroke and Alzheimer's disease (AD).,1
35,17,What are the main indications of lacosamide?,"These results suggest that lacosamide may have the potential to be clinically useful for at least the treatment of generalized tonic-clonic and partial-onset epilepsies, and support ongoing clinical trials in these indications.",0
2615,8,Which disease is treated with Fexinidazole?,"Fexinidazole metabolites were effective in treating T. cruzi in a mouse model of acute infection, with cure rates superior to those achieved with either fexinidazole itself or benznidazole.",0
184,0,How could we infer functional associations from gene fusion events?,Gene fusion is an important evolutionary process.,0
4038,14,Is the process of DNA loop-extrusion independent of ATP?,"In support of this model, single-molecule imaging experiments indicate that Saccharomyces cerevisiae condensin complexes can extrude DNA loops in an ATP-hydrolysis-dependent manner in vitro.",0
1787,27,Which are the consequences of the hyperphosphorylated tau in Alzheimers' Disease?,"Hyperphosphorylation, which diminishes the microtubule-binding capacity of tau, destabilizes microtubules and may enhance the formation of paired helical filaments that constitute neurofibrillary tangles in Alzheimer's disease.",0
1215,9,Is zolpidem an antibiotic?,"According to its peculiar neuropharmacologic activity (selectivity for the omega 1-BZ receptors), zolpidem is expected to be a pure hypnotic, without the other effects of BZs.",0
1653,20,Is imatinib an antidepressant drug?,Indications present in the legal documentation were compared to the indications approved by regulatory agencies.,0
347,0,Could the Menzerath-Altmann law be proved mathematically trivial in genomes?,Here we review the statistical foundations of that test and consider three non-parametric tests based upon different correlation metrics and one parametric test to evaluate if Z ∼ 1/X in genomes.,1
4044,1,What is TSA-Seq used for?,"we describe TSA-Seq, a new mapping method capable of providing a ""cytological ruler"" for estimating mean chromosomal distances from nuclear speckles genome-wide and for predicting several Mbp chromosome trajectories between nuclear compartments without sophisticated computational modeling",1
4080,47,Which cytokine molecule activates SMADs?,"Indeed, knockdown of Smad7 with a specific antisense oligonucleotide restores endogenous TGF-β1 activity, thereby inhibiting inflammatory pathways in patients with IBD and colitic mice.",0
1843,3,Are deletions of chromosomal regulatory boundaries associated with congenital disease?,Deletions of chromosomal regulatory boundaries are associated with congenital disease.,1
1698,17,Mutation of which gene is associated with McLeod syndrome?,"MLS is an X-linked multi-system disorder caused by absence of XK alone, or when the disorder is caused by large deletions, it may be accompanied with Duchenne muscular dystrophy (DMD), chronic granulomatous disease (CYBB), retinitis pigmentosa (RPGR), and ornithine transcarbamylase deficiency (OTC).",0
1580,20,Do Conserved noncoding elements act as enhancers?,"We identify and characterize highly conserved noncoding elements flanking the TNF gene, which undergo activation-dependent intrachromosomal interactions.",1
1245,12,Where can we find the protein lacritin?,The previously reported restricted expression pattern of lacritin is therefore incorrect.,0
2913,3,Endolymphatic hydrops is associated with Meniere’s disease. Please provide a summary of endoymphatic hydrops including the symptoms and affected body part.,We performed 3D-FLAIR sequences 4 h after a single intravenous dose of contrast agent.,0
1494,22,What is the role of the Ada O6-alkylguanine alkyltransferase in bacteria?,The protein O 6-alkylguanine-DNA alkyltransferase(alkyltransferase) is involved in the repair of O 6-alkylguanine and O 4-alkylthymine in DNA and plays an important role in most organisms in attenuating the cytotoxic and mutagenic effects of certain classes of alkylating agents.,0
2317,7,Which proteins are controlling sterol metabolism in S. cerevisiae?," Taken together, our results indicate that Upc2p is a key regulator of ergosterol metabolism.",0
86,23,Which antibiotics target peptidoglycan biosynthesis?,"Unlike vancomycin however, mersacidin inhibits peptidoglycan formation from UDP-N-acetylmuramoyl-tripeptide and is active against Enterococcus faecium expressing the vanA resistance gene cluster.",0
148,27,Which is the cellular localization of the protein Opa1?,"Unlike other dynamin family members, Opa1 has an N-terminal mitochondrial targeting sequence, suggesting that this protein is imported into mitochondria.",0
42,15,Is irritable bowel syndrome more common in women with endometriosis?,"CONCLUSIONS: Women with endometriosis are more likely to be diagnosed with IBS and PID than controls, even after a definitive diagnosis of endometriosis has been reached.",1
3975,17,What is the effect of Dkk1 in Wnt signaling?,"DKK1, a negative regulator of Wnt signaling, is a target of the beta-catenin/TCF pathway.",0
2504,6,Describe Click-PEGylation,Separation of the thiol labelling step from the PEG conjugation greatly facilitates the fidelity and flexibility of this approach.,1
2201,6,What is the role of DNA Repair Cofactors ATMIN and NBS1?,Our findings reveal a novel model for an intestinal bowel disease phenotype that occurs upon combined loss of the DNA repair cofactors ATMIN and NBS1.,0
3109,6,Please list 2 antitoxin antibodies approved by the FDA for reducing the recurrence of Clostridium difficile infection,Bezlotoxumab: anti-toxin B monoclonal antibody to prevent recurrence of Clostridium difficile infection.,0
1182,46,Is macroautophagy a selective degradation process?,ransfer of Y. lipolytica cells from oleate/ethylamine to glucose/ammonium chloride medium leads to selective macroautophagy of peroxisomes.,0
1973,16,Which are the main brain dysfunctions caused by hyperbilirubinemia?,It has been suggested recently that there is an association between hyperbilirubinemia and long-term neurologic dysfunctions.,0
799,2,What is the average diameter of intermediate filaments?,"After removing IFs by calcination, electron microscopy revealed hollow silica nanotubes several micrometers long, with outer diameters of 35-55 nm and an average inner diameter of 10 nm (comparable to that of IFs)",1
2064,0,What is the mechanism of action of verubecestat?,The BACE1 inhibitor verubecestat (MK-8931) reduces CNS β-amyloid in animal models and in Alzheimer's disease patients.,0
2197,14,Is Pfh1 a component of the replisome?,"Cells depleted of Pfh1 were inviable if they also lacked the human TIMELESS homolog Swi1, a replisome component that stabilizes stalled forks.",0
1221,41,List algorithms suitable for predicting protein complexes,Here we explain the development and implementation of a novel Protein-Protein Interaction Prediction Engine termed PIPE.,0
1576,44,Which are the DNA (cytosine-5-)-methyltransferases inhibitors?,Defining the parameters of zebularine-mediated tumor inhibition may advance the future development of DNA methyltransferase inhibitors as an effective cancer treatment.,0
1296,1,Which proteins are related to the loss of cell-cell adhesion during EMT (epithelial-mesenchymal transition)?," In addition to signaling pathways that alter genetic programes that trigger the loss of cell-cell adhesion, alternative pathways can alter cell plasticity to regulate cell-cell cohesion and increase invasive potential",0
3987,25,Which cancer types are associated with mutations in the TWIST1 gene?,Disruption of ETV6 leads to TWIST1-dependent progression and resistance to epidermal growth factor receptor tyrosine kinase inhibitors in prostate cancer,0
2780,4,Is cariprazine effective for treatment of bipolar disorder?,"OBJECTIVE: Cariprazine, a dopamine D3/D2 partial agonist atypical antipsychotic with preferential binding to D3 receptors, is approved for the treatment of schizophrenia and manic or mixed episodes associated with bipolar I disorder.",1
209,9,Which enzyme does MLN4924 inhibit?,The Nedd8-activating enzyme inhibitor MLN4924 thwarts microenvironment-driven NF-κB activation and induces apoptosis in chronic lymphocytic leukemia B cells.,0
3462,6,What is the mechanism of action of Erdafitinib?,"Discovery and Pharmacological Characterization of JNJ-42756493 (Erdafitinib), a Functionally Selective Small-Molecule FGFR Family Inhibitor.",0
2402,2,What is the function of STAR elements in yeast telomeres?, The telomere-proximal portion of either X or Y' dampened silencing when located between the telomere and the reporter gene.,1
860,6,Is hypersensitivity to DNA crosslinking agents a hallmark of Fanconi anemia?,"Fanconi anemia (FA) is characterized by cellular hypersensitivity to DNA crosslinking agents, but how the Fanconi pathway protects cells from DNA crosslinks and whether FA proteins act directly on crosslinks remain unclear.",0
1823,7,Is Annexin V an apoptotic marker?,"Expression of the apoptotic marker annexin V was unaffected by antibiotic exposure, whereas the uptake of the necrotic marker PI was increased by ofloxacin (5 mg/mL) but not by netilmicin (ofloxacin versus netilmicin, ANOVA, P<0.05).",0
2559,5,Are there ways of joint Bayesian inference of risk variants?,We applied RiVIERA to model the existing GWAS summary statistics of 9 autoimmune diseases and Schizophrenia by jointly harnessing the potential causal enrichments among 848 tissue-specific epigenomics annotations from ENCODE/Roadmap consortium covering 127 cell/tissue types and 8 major epigenomic marks.,0
152,9,What is known about clinical efficacy of ceftriaxone for treatment of amyotrophic lateral sclerosis?,"Ceftriaxone, one of the beta-lactam antibiotics, is a stimulator of EAAT2 expression with neuroprotective effects in both in vitro and in vivo models based in part on its ability to inhibit neuronal cell death by glutamate excitotoxicity.",0
728,6,Is the Prostate- Specific Antigen (PSA) test relevant only for prostate cancer?,"Routine cancer screening with prostate-specific antigen (PSA) is controversial, and practice guidelines recommend that men be counseled about its risks and benefits",0
578,11,What are the mobile applications fields of use for patients ?,"to examine the current available mobile smartphone applications (e.g., apps) that utilize principles of ecological momentary assessment (EMA)-daily self-monitoring or near real-time self-assessment of alcohol-use behavior-to promote positive behavior change, alcohol harm reduction, psycho-education about alcohol use, or abstinence from alcohol.",0
3675,8,Which are the databases for intrinsic protein disorders?,"In contrast to previous assessments based on missing X-ray data, this dataset contains mostly long ID regions and a significant amount of fully ID proteins.",0
693,33,Which gene test can be used for the X-linked myotubular myopathy?,"X-linked myotubular myopathy (XLMTM) is a congenital muscular disease characterized by severe hypotonia and generalized muscle weakness, leading in most cases to early postnatal death.",0
1857,22,What is the function of transthyretin in cerebrospinal fluid?,Transthyretin (TTR) is a homotetrameric serum and cerebrospinal fluid protein that transports both thyroxine (T(4)) and the retinol-retinol binding protein complex (holoRBP),0
647,52,Which genes are associated with autosomal dominant Charcot-Marie-Tooth?,"We conclude that dynamin 2 mutations should be screened in the autosomal dominant Charcot-Marie-Tooth neuropathy families with intermediate or axonal NCV, and in patients with a classical mild to moderately severe Charcot-Marie-Tooth phenotype, especially when Charcot-Marie-Tooth is associated with neutropaenia or cataracts.",0
839,6,Are seizures among the neurological symptoms of incontinentia pigmenti?,"The involved gene is NEMO, an essential component of the nuclear factor-kappa B (NF-κB) signaling pathway.",0
1911,22,What is MRSA?,"This article explains what methicillin-resistant Staphylococcus aureus (MRSA) is, how it is spread and what the real challenges are in healthcare settings in the UK.",0
4120,0,Are Gram positive bacteria able to release extracellular vesicles?,Gram-negative and Gram-positive bacteria release a variety of membrane vesicles through different formation routes.,1
2313,1,Are there RNAi approaches considered for the treatment of kidney injury?,"fCNT enhanced siRNA delivery to tubule cells compared to siRNA alone and effectively knocked down the expression of several target genes, includingTrp53,Mep1b,Ctr1, andEGFP A clinically relevant cisplatin-induced murine model of AKI was used to evaluate the therapeutic potential of fCNT-targeted siRNA to effectively halt the pathogenesis of renal injury.",1
2989,25,Sweat Chloride Testing is used  for which disease?,"Due to the large number of mutations that can result in classical or atypical CF phenotype, the sweat test, which quantifies the amount of chloride and sodium in sweat, is vital in supporting the diagnosis of CF.",0
1765,6,Is the toxin produced by Clostridium botulinum always deadly?,"Botulinum neurotoxin (BoNT) serotype B (BoNT/B) is one of the serotypes of BoNT that causes deadly human botulism, though it is used clinically for treatment of many neuromuscular diseases.",0
991,17,What is the role of venous angioplasty in multiple sclerosis?," Spontaneously performed approach to CCSVI does not improve clinical and MRI parameters, despite frequent subjective perception of quality of life improvement.",0
161,12,How do histone methyltransferases cause histone modification?,The histone H4 N-terminal tail has long been regarded as a major regulator in chromatin structure and function.,0
3924,2,What is the function of ketohexokinase-A?,"Ketohexokinase (KHK), a primary enzyme in fructose metabolism, has two isoforms, namely, KHK-A and KHK-C.",1
2783,4,Can pets affect infant microbiomed?,Exposure to household furry pets influences the gut microbiota of infant at 3-4 months following various birth scenarios.,1
2322,19,Which drugs were tested in the KEYNOTE-006 study?,The model used Kaplan-Meier estimates of progression-free survival and overall survival from a recent randomized phase 3 study (KEYNOTE-006) that compared pembrolizumab and ipilimumab.,0
3527,17,Does metformin alleviate atherosclerosis?,Metformin ameliorates the progression of atherosclerosis via suppressing macrophage infiltration and inflammatory responses,1
1968,6,Is infertility characteristic of individuals with Fanconi anemia?,"Measurement of AMH at the time of FA diagnosis and subsequent monitoring of AMH levels at regular intervals may be useful for the timely management of complications related to POI such as subfertility/infertility, osteoporosis, and menopausal symptoms.",0
2463,2,Can Logic Alignment Free (LAF) be used for bacterial genomes classification?,This method searches for a minimal subset of k-mers whose relative frequencies are used to build classification models as disjunctive-normal-form logic formulas (if-then rules).,0
891,62,Is NOD1 activated in inflammation?,The effect of NOD1 and NOD2 activation on inflammation and the insulin signalling pathway was also assessed.,0
2186,12,Can acupuncture cause spinal epidural hematoma?,Unintentional acupuncture needling of the thoracic spinal canal produced a spinal epidural hematoma and subarachnoid hemorrhage,1
3806,4,Does head ct increase brain tumor risk?,"However, we found 1) a statistically significant correlation between radiation dose and age at procedure, as well as number and type of procedures, and 2) a substantial increase in lifetime predicted risk of tumor above baseline in the cohort of young children who undergo neurointerventions.CONCLUSIONS: Although neurointerventional procedures have dramatically improved the prognosis of children facing serious cerebrovascular conditions, the predicted risk of secondary tumors, particularly in the youngest patients and those undergoing multiple procedures, is sobering.",0
309,2,Is TREM2 associated with Alzheimer's disease in humans?,possible involvement of TREM2 in AD pathogenesis.,0
3255,1,Can Daptacel be used instead of IPOL?,"DTaP(5)-IPV-Hib is a suitable replacement for separately administered DTaP, IPV, and Hib vaccines.",1
163,44,Does MicroRNA-21 (miR-21) contribute to cardiovascular disease?,MicroRNA-21 as therapeutic target in cancer and cardiovascular disease.,0
767,8,Is tubulin acetylation involved in cell motility?,"Our results indicate that TPPP/p25 binds to HDAC6 (histone deacetylase 6), an enzyme responsible for tubulin deacetylation.",0
2435,16,Which are the main transcriptional activators of circadian oscillations?,clock bmal independent circadian oscillation of zebrafish cryptochrome1a gene,0
677,7,Are there any urine biomarkers for bladder cancer diagnosis?,"An 8-biomarker model achieved the most accurate BCa diagnosis (sensitivity 92%, specificity 97%), but a combination of 3 of the 8 biomarkers (IL-8, VEGF, and APOE) was also highly accurate (sensitivity 90%, specificity 97%).",0
986,19,What is the mechanism of microRNA deregulation in carcinogenesis?,miR-106b downregulates adenomatous polyposis coli and promotes cell proliferation in human hepatocellular carcinoma.,0
534,14,List inflammatory caspase proteins?,the inflammatory caspase-1,1
2576,4,Which algorithm has been proposed for efficient storage of WGS variant calls?,"However, VCF files are large and data retrieval is relatively slow.",0
985,15,Is JTV519 (K201) a potential drug for the prevention of arrhythmias?,K201 fails to prevent DADs in RyR2(R4496C+/-) myocytes and ventricular arrhythmias in RyR2(R4496C+/-) mice,0
3042,4,Is Semagacestat effective for treatment of Alzheimer's disease?,"CONCLUSIONS: As compared with placebo, semagacestat did not improve cognitive status, and patients receiving the higher dose had significant worsening of functional ability.",1
3271,19,Salzburg EEG criteria are used to diagnose which disorder?,Clinical presentations and the Salzburg EEG criteria for NCSE were used to identify patients with NCSE after CSE.,1
4153,24,Which drugs are included in the MAID chemotherapy regimen for sarcoma?,"A regimen of preoperative chemotherapy consisting of mesna, adriamycin, ifosfamide, and dacarbazine (MAID) interdigitated with radiotherapy followed by resection and postoperative chemotherapy with or without radiotherapy was designed to improve treatment",0
1647,4,What is the mode of inheritance of  long QT  Jervell and Lange-Nielsen syndrome?,"Jervell and Lange-Nielsen syndrome (MIM 220400; JLNS), is a rare form of profound congenital deafness combined with syncopal attacks and sudden death due to prolonged QTc; it is an autosomal recessive trait.",0
1836,0,What is the effect of nocodazole cell treatment?,"antimitotic SAC-inducing agents (i.e., nocodazole",1
373,34,Which transcription factors are involved in E-cadherin repression during EMT?,"In human cancer cells, transcript levels of deltaEF1 correlated directly with the extent of E-cadherin repression and loss of the epithelial phenotype.",0
361,8,What are the names of anti-CD52 monoclonal antibody that is used for treatment of multiple sclerosis patients?,These results potentially help explain the level of immunocompetence observed in alemtuzumab-treated MS patients.,0
3523,11,Is SATB1 positioned close to AT-rich sequences?,"The Special AT-rich Sequence Binding Protein 1 (SATB1) exerts multiple functions, by influencing the structural organization of chromatin and interacting with several co-activators and co-repressors of transcription.",0
3581,1,What is Perturb-seq?,"Genetic screens help infer gene function in mammalian cells, but it has remained difficult to assay complex phenotypes-such as transcriptional profiles-at scale.",0
694,18,Is there a phylogenetic analysis for HIV?," Finally, a phylogenetic tree was constructed to elucidate the observed pattern of HIV TDR",0
522,11,What constitutes an increased risk for individuals with Fanconi anemia?,"BACKGROUND: Fanconi anemia (FA) is a rare autosomal recessive genetic disorder characterized by bone marrow failure and increased risk of cancers including acute myelogenous leukemia and various solid tumors, especially head and neck cancer.",1
3534,4,Is Huntington's disease caused by a dominate or recessive gene?,"The D4S10 locus, defined by the probe G8 and linked to the gene for Huntington's disease (HD), has permitted us to identify individuals with a high probability of being homozygous for this autosomal dominant neurodegenerative disorder.",0
3121,26,Mention computational tools that have been developed for alternative polyadenylation (APA) sites analysis,TAPAS: tool for alternative polyadenylation site analysis.Supplementary data are available at Bioinformatics online.,0
215,10,What systems have been developed for the numbering of antibody residues?,On the basis of the residues at key sites the 79 hypervariable regions can be assigned to one of 18 different canonical structures.,1
1546,29,Is Rac1 involved in cancer cell invasion?,"Our data demonstrate that the activation of H-Ras and the downstream molecule Rac1 correlates with EGF-induced breast cancer cell invasion, providing important information on the regulation of malignant progression in mammary carcinoma cells.",0
290,2,Mutation of which gene is associated with Achondroplasia?,Achondroplasia can be diagnosed by characteristic clinical and radiographic findings in most affected individuals.,0
331,1,Which R/bioconductor package is used for integrative genomics visualizations?,"Interpretation and communication of genomic data require flexible and quantitative tools to analyze and visualize diverse data types, and yet, a comprehensive tool to display all common genomic data types in publication quality figures does not exist to date.",1
1116,4,Mutation of which gene and which chromosome cause Neurofibromatosis type I?,"In addition to reporting, in accompanying papers, their individual analyses of mapping the neurofibromatosis type 1 (NF1) gene on chromosome 17, members of the International Consortium for NF1 Linkage contributed their data for our joint analysis to determine the exact sequence of flanking markers and to obtain precise estimates and confidence limits of the recombination fractions for the closest markers, in anticipation of clinical use.",0
1061,6,Which proteins have been identified as RET ligands?,"Five germline mutations in the glial cell-line-derived neurotrophic factor (GDNF) gene, one of the RET ligands, have been detected in HSCR patients.",1
1422,25,Describe Hot water reflex epilepsy.,"&quot;Hot water epilepsy&quot; (HWE), precipitated by a bath or shower in hot water, has been described infrequently in the literature.",0
1580,7,Do Conserved noncoding elements act as enhancers?,Animal genomes possess highly conserved cis-regulatory sequences that are often found near genes that regulate transcription and development.,0
501,11,Is Kanzaki disease associated with deficiency in alpha-N-acetylgalactosaminidase?,"Schindler disease and Kanzaki disease are caused by a deficient lysosomal enzyme, alpha-N-acetylgalactosaminidase (E.C.3.2.1.49).",0
2540,10,List symptoms of the Zieve's syndrome.,"In 1958 Zieve described a syndrome of jaundice, hyperlipidaemia, and transient haemolytic anaemia associated with alcohol abuse.",1
4191,8,What year was the first successful human heart transplant performed?,"Since the first human heart transplantation was performed in 1967, the field of heart transplantation has advanced to the point where survival and acceptable quality of life are commonplace.",0
383,11,How many periods of regulatory innovation led to the evolution of vertebrates?,"Early vertebrate evolution was characterized by regulatory gains near transcription factors and developmental genes, but this trend was replaced by innovations near extracellular signaling genes, and then innovations near posttranslational protein modifiers.",1
1660,16,Which population has a high frequency of the HLA-B*1502 allele?,A very strong association of carbamazepine-induced SJS with HLA-B*1502 has recently been described in the Han Chinese population.,0
3076,0,Which proteins are markers of HPV oncogenic activity?,Overexpression of p16 INK4a as an indicator for human papillomavirus oncogenic activity in cervical squamous neoplasia.,1
662,0,How does dabigatran therapy affect aPTT in patients with atrial fibrillation?,He had been started on dabigatran 150 mg twice a day about 4 months ago as an outpatient by his cardiologist.,0
553,7,What is the role of ELMO1 gene in cell migration?,"Gi signalling and ELMO1 are both required for CXCL12-mediated actin polymerization, migration and invasion of breast cancer cells.",0
1934,12,What makes telomerase a good drug target?,The differential expression of telomerase in cancer cells makes it an attractive therapeutic target,0
509,6,Is phospholamban a regulatory/inhibitory protein of the Ca ATPase SERCA?,Calcium transport across the membrane of the sarcoplasmic reticulum (SR) plays an important role in the regulation of heart muscle contraction and relaxation.,0
765,23,List available methods for transmembrane protein topology prediction.,This paper presents a Hidden Markov Model (referred to as HMM_RA) that can predict the topology of alpha-helical transmembrane proteins with improved performance.,0
2320,5,Which topoisomerase is essential in yeast?,Topoisomerase II is a ubiquitous enzyme that removes knots and tangles from the genetic material by generating transient double-strand DNA breaks.,0
4048,3,Where is the organ of Corti located?,"The cochlea, a coiled structure located in the ventral region of the inner ear, acts as the primary structure for the perception of sound.",1
867,11,Are psammoma bodies characteristic to meningiomas?,This is the first report to describe the involvement of type VI collagen in psammoma bodies and whorl formations in meningiomas.,1
206,0,Between which probes does the recurrent translocation breakpoint on chromosome 22 of neuroepithelioma lie?,"The recurrent translocation breakpoint on chromosome 22 of neuroepithelioma has been localized between two probes, D22S1 and D22S15, by both in situ hybridization and somatic cell hybrids",1
3732,27,What is herceptin?,"Herceptin, an antihuman epidermal growth factor receptor-2 (anti-HER2) monoclonal antibody, is used to treat HER2+ breast cancer.",0
876,34,Can fetal aneuploidy be detected with non-invasive prenatal testing?,"The clinical data collected thus far indicate that NIPT is highly sensitive in detecting trisomies 21 and 18, and fairly sensitive in detecting trisomy 13 and sex chromosome aneuploidies.",0
225,48,Is it safe to take isotretinoin during pregnancy?,"If supplementation by vitamin A is unavoidable during pregnancy, B-carotene should be preferred.",0
140,80,In which proteins is the chromodomain present?,OBJECTIVE: Chromodomain helicase/adenosine triphosphatase DNA binding protein 1-like (CHD1L) is an SNF2-like transcription factor involved in the development of human hepatocellular carcinoma (HCC).,0
1848,3,Is rucaparib used for ovarian cancer treatment?,Ovarian Cancers Harbour Defects in Non-Homologous End Joining Resulting in Resistance to Rucaparib.,0
4112,5,Is there a role for TFII-I in megakaryopoiesis?,We conditionally deleted the TFII-I/Gtf2i gene in adult mice by tamoxifen induced Cre-recombination.,0
4003,22,What is Hikikomori syndrome?,"A form of severe social withdrawal, called hikikomori, has been frequently described in Japan and is characterized by adolescents and young adults who become recluses in their parents' homes, unable to work or go to school for months or years.",0
1992,3,Is there a role of proton beam therapy in medulloblastoma treatment?,BACKGROUND: The aim of this study is to evaluate the cost-effectiveness of proton beam therapy with cochlear dose reduction compared with conventional X-ray radiotherapy for medulloblastoma in childhood.METHODS: We developed a Markov model to describe health states of 6-year-old children with medulloblastoma after treatment with proton or X-ray radiotherapy.,0
201,3,What is the suggested therapy for Mycobacterium avium infection?,TM4 is a lytic mycobacteriophage that kills both extracellular M. avium and M. tuberculosis.,0
2975,29,Is dupilumab effective for treatment of asthma?,"Expert opinion: Supported by a strategic mechanism of action, as well as by convincing preliminary clinical results, dupilumab currently appears to be a very promising biological drug for the treatment of severe uncontrolled asthma.",0
443,6,"Can we detect DNA strand asymmetries using dinucleotide relative abundance ""genomic signatures""?",Early biochemical experiments measuring nearest neighbor frequencies established that the set of dinucleotide relative abundance values (dinucleotide biases) is a remarkably stable property of the DNA of an organism.,0
3826,5,HER-2 belongs to what family of proteins?,"Of this family, HER2 does not bind growth factors",0
2326,1,How may CTCF mediate splicing?,The first involves modulation of the elongation rate of RNA polymerase II (Pol II) by CCCTC-binding factor (CTCF) and methyl-CpG binding protein 2 (MeCP2); the second involves the formation of a protein bridge by heterochromatin protein 1 (HP1) that recruits splicing factors onto transcribed alternative exons.,1
3850,13,How can B-cells transdifferentiate into macrophages?,Forced C/EBPalpha expression furthermore induces direct transdifferentiation of immature thymocytes or B cells into macrophages.,0
1696,13,What is the mechanism of viroid replication?,Viroids are not translated; they are replicated by a host enzyme (or enzymes) (probably RNA polymerase II) via oligomeric RNA intermediates by a rolling circle mechanism.,0
299,1,Has the protein SETMAR (Metnase) a transposase domain?,The transposase domain protein Metnase/SETMAR suppresses chromosomal translocations.,1
4055,32,Is progeria caused by an autosomal recessive gene?,"Werner syndrome, also called adult progeria, is a heritable autosomal recessive human disorder characterized by the premature onset of numerous age-related diseases including juvenile cataracts, dyslipidemia, diabetes mellitus (DM), osteoporosis, atherosclerosis, and cancer.",0
1036,1,What is the name for anorexia in gymnasts?,We studied 13 female juvenile elite gymnasts with anorexia athletica (AA,1
957,11,Is selenium deficiency involved in autoimmune thyroid disease?,"Maintenance of ""selenostasis"" via optimal intake not only aids preservation of general health but also contributes substantially to the prevention of thyroid disease",0
1664,1,Is the protein FAK (Focal Adhesion Kinase) phosphorylated?,yrosine phosphorylated FAK,0
1539,56,Which is the causative agent of malaria?,"In spite of research efforts to develop vaccines against the causative agent of human malaria, Plasmodium falciparum, effective control remains elusive.",0
3683,4,Is there an increased risk for meningiomas in childhood leukemia survivors?,We encountered a patient who developed multiple intracranial radiation-induced meningiomas (RIMs) 25 years after prophylactic cranial irradiation for the treatment of acute leukemia in childhood.,0
3308,12,What is 23andMe?,"Direct-to-consumer (DTC) genetic testing companies, such as 23andMe, allow consumers to access their genetic information directly through an online service without the involvement of healthcare professionals.",0
2063,4,Is Melioidosis caused by the bacterium Burkholderia pseudomallei?,"Melioidosis, caused by the gram-negative bacterium Burkholderia pseudomallei, is a common cause of community-acquired sepsis in Southeast Asia and Northern Australia.",0
784,24,Can NXY-059 be used for treatment of acute ischemic stroke patients?,Additional research is needed to confirm whether NXY-059 is beneficial in ischemic stroke.,0
2094,3,Which syndrome is caused by deletion of Pds5b in mice?,Pds5B mutant mice have developmental abnormalities resembling CdLS; however the role of Pds5A in mammals and the association of PDS5 proteins with CdLS are unknown.,1
140,108,In which proteins is the chromodomain present?,The chromodomain of MPP8 recognizes the dimethylated Dnmt3aK44me2.,0
697,3,Are there randomised controlled trials on sevoflurane?,Patients were randomly assigned to receive either sevoflurane or propofol for short-term sedation.,1
3998,6,Which yeast genes encode for condensin?,Both SMC2 and SMC4 are essential for chromosome transmission in anaphase.,1
3968,50,What disease does BCG immunotherapy used to treat?,BCG immunotherapy for transitional-cell carcinoma in situ of the bladder.,0
564,9,The drug JTV519 is derivative of which group of chemical compounds?,"A newly synthesized 1,4-benzothiazipine derivate, 4-[3-(4-benzylpiperidin-1-yl) propionyl]-7-methoxy-2,3,4,5-tetrahydro-1, 4-benzothiazepine monohydrochloride (JTV-519) was examined for its ability to reverse P-glycoprotein (P-gp) and multidrug resistance protein 1 (MRP1) mediated multidrug resistance (MDR) in K562/MDR and KB/MRP cells, respectively.",0
1784,3,What is Neisseria adhesin A?,"As a vaccine antigen, NadA has been shown to induce high levels of bactericidal antibodies",1
3006,17,Is galcanezumab effective for treatment of migraine?,"BACKGROUND
Galcanezumab, a humanized monoclonal antibody that selectively binds to the calcitonin gene-related peptide, has demonstrated in previous Phase 2 and Phase 3 clinical studies (≤6-month of treatment) a reduction in the number of migraine headache days and improved patients' functioning.",0
361,6,What are the names of anti-CD52 monoclonal antibody that is used for treatment of multiple sclerosis patients?,Alemtuzumab is a humanized monoclonal antibody specific for the CD52 protein present at high levels on the surface of B and T lymphocytes.,0
4201,23,Which molecule is targeted by Teprotumumab?,Both,0
2064,8,What is the mechanism of action of verubecestat?,"Although not selective over the closely related aspartyl protease BACE2, verubecestat has high selectivity for BACE1 over other key aspartyl proteases, notably cathepsin D, and profoundly lowers CSF and brain Aβ levels in rats and nonhuman primates and CSF Aβ levels in humans.",0
858,13,"What is the biological role of SERCA2 SUMOylation in cardiac physiology and pathophysiology, such as in heart failure?","Taken together, our data show that SUMOylation is a critical post-translational modification that regulates SERCA2a function, and provide a platform for the design of novel therapeutic strategies for heart failure",0
2627,8,Describe mechanism of action of Romosozumab.,Update on romosozumab : a humanized monoclonal antibody to sclerostin.,0
226,31,Which protein is the E3-ubiquitin ligase that targets the tumor suppressor p53 for proteasomal degradation?,Targeting the E3 ubiquitin ligase HDM2 can lead to a therapeutic surge in p53 levels.,0
36,18,Which fusion protein is involved in the development of Ewing sarcoma?,Fusion of the EWS gene to FLI1 produces a fusion oncoprotein that drives an aberrant gene expression program responsible for the development of Ewing sarcoma.,0
2056,0,Is PUVA therapy indicated for eczema treatment?,"With bath PUVA treatment, the best results were found in patients with hyperkeratotic eczema (17/22; 77% good clinical response) followed by patients with palmoplantar psoriasis (26/41; 63%) and patients with dyshidrotic eczema (8/16; 50%).",0
1883,1,Is there any tool that facilitates the functional analysis of cis-regulatory regions in zebrafish?,"he cis-regulatory sequences control when, where, and how much genes are transcribed and can activate (enhancers) or repress (silencers) gene expression.",0
1913,5,Is avanafil indicated for treatment of erectile dysfunction?,"Sildenafil, vardenafil, tadalafil and avanafil are FDA approved drugs in market as PDE5 inhibitors for treating erectile dysfunction.",0
4119,21,Can propofol cause green urine?,"green colour of urine due to Propofol occurs when clearance of Propofol exceeds hepatic elimination, and extrahepatic elimination of Propofol occurs.",1
4169,3,Has dupilumab been FDA approved for atopic dermatitis?,Dupilumab is the first US FDA approved biologic for treatment of atopic dermatitis.,1
163,36,Does MicroRNA-21 (miR-21) contribute to cardiovascular disease?,MicroRNA-21 contributes to myocardial disease by stimulating MAP kinase signalling in fibroblasts,0
813,9,Does a selective sweep increase genetic variation?,This phenomenon is known as a selective sweep.,0
1038,27,What are the indications for alteplase?,A reduced dose of alteplase to increase coronary artery patency prior to angioplasty may be useful in MI.,0
3752,14,What is the use of the Liverpool Elbow Score?,"The Liverpool Elbow Score (LES) is a newly developed, validated elbow-specific score.",1
3117,7,Are there tools for visualizing and processing long-read sequencing data?,"Here we describe NanoPack, a set of tools developed for visualization and processing of long-read sequencing data from Oxford Nanopore Technologies and Pacific Biosciences.",1
1675,13,List inhibtors targeting the mitochondrial permeability transition pore.,"ADP is not only a key substrate for ATP generation, but also a potent inhibitor of mitochondrial permeability transition pore (mPTP).",0
1910,17,Could plasmepsins be used as targets for developing anti-malaria drugs?,"Given recent advances in understanding the fundamental roles of the various plasmepsins, it is likely that the most effective antimalarial plasmepsin targets will be the non-digestive vacuole plasmepsins.",0
1689,2,Is Achondroplasia associated with hearing loss?,"Failed hearing screen was defined as hearing ≥ 35 dB at one or more frequencies or by ""fail"" on otoacoustic emissions.",0
826,0,What is the mechanism of action of DNA topoisomerase II inhibitors?,"DNA topoisomerase II inhibitors are a major class of cancer chemotherapeutics, which are thought to eliminate cancer cells by inducing DNA double-strand breaks.",1
3957,17,Which diseases are associated with the Yaa gene?,"ompared the clinical development (autoantibody production and glomerulonephritis) of systemic lupus erythematosus (SLE) in these three F1 hybrids in the presence or absence of the mutant gene, Yaa (Y chromosome-linked autoimmune acceleration), which normally accelerates the progression of murine SLE.",0
148,8,Which is the cellular localization of the protein Opa1?,Regulation of the mitochondrial dynamin-like protein Opa1 by proteolytic cleavage.,0
1882,1,What is Bartter syndrome?,"The mutations in the CLCNKB gene encoding the ClC-Kb chloride channel are responsible for Bartter syndrome type 3, one of the four variants of Bartter syndrome in the genetically based nomenclature.",0
1347,17,Is the protein product of the cylindromatosis gene (CYLD) a deubiquitinating enzyme?,Deubiquitinating enzymes (DUB) form a family of cysteine proteases that digests ubiquitin chains and reverses the process of protein ubiquitination.,0
2685,20,In which syndrome is the RPS19 gene most frequently mutated?,"Diamond-Blackfan anemia (DBA) is a congenital bone marrow failure syndrome characterized by hypoproliferative anemia, associated physical malformations and a predisposition to cancer.",0
1037,6,Is Vitamin D deficiency in pregnant women associated with gestational diabetes?,"Low maternal vitamin D levels in pregnancy may be associated with an increased risk of preeclampsia, gestational diabetes mellitus,",1
1406,9,Is there any genetic determinant of hair pigmentation that could be useful in forensic analyses?," five red hair colour (RHC) MC1R alleles,",0
663,1,List fish anti-freeze proteins.,pe III anti-freeze protein (AFP),1
3218,17,"Where in the body, is ghrelin secreted?","Ghrelin and feedback systems.Ghrelin is produced primarily in the stomach in response to hunger, and circulates in the blood.",0
407,19,List the off-label use of SSRIs,"Implication of changes in central neurotransmission in the pathogenesis of hot flashes has prompted the off-label use of serotonergic and γ-aminobutyric acid-ergic drugs as a therapeutic alternative,",0
2685,11,In which syndrome is the RPS19 gene most frequently mutated?,"The gene encoding the small subunit ribosomal protein 19 (RPS19) is mutated in about 25% of cases of the bone marrow failure syndrome Diamond Blackfan Anemia (DBA), a childhood disease characterized by failure of red cell production.",0
